Student_ID,Name,Python,Maths,English,Attendance,Total,Average,Percentage,Performance
101,Anu,78,74,82,88,234,78.0,78.0,Good
102,Reethu,65,70,68,76,203,67.66666666666667,67.66666666666666,Average
103,Soni,88,91,85,91,264,88.0,88.0,Excellent
104,Keerthi,72,68,75,82,215,71.66666666666667,71.66666666666667,Good
105,Sai,91,88,90,95,269,89.66666666666667,89.66666666666666,Excellent
106,Harika,56,59,63,68,178,59.333333333333336,59.333333333333336,Average
107,Varun,84,79,81,87,244,81.33333333333333,81.33333333333333,Good
108,Pooja,69,73,71,79,213,71.0,71.0,Good
109,Nikhil,76,81,78,85,235,78.33333333333333,78.33333333333333,Good
110,Swathi,82,85,88,92,255,85.0,85.0,Excellent
111,Kavya,61,65,67,72,193,64.33333333333333,64.33333333333333,Average
112,Rohit,95,93,89,96,277,92.33333333333333,92.33333333333333,Excellent
113,Meena,73,76,74,81,223,74.33333333333333,74.33333333333333,Good
114,Arjun,87,89,84,89,260,86.66666666666667,86.66666666666667,Excellent
115,Divya,68,62,70,74,200,66.66666666666667,66.66666666666666,Average
116,Kiran,79,77,80,86,236,78.66666666666667,78.66666666666666,Good
117,Sneha,92,90,94,93,276,92.0,92.0,Excellent
118,Vijay,64,66,69,70,199,66.33333333333333,66.33333333333333,Average
119,Lakshmi,85,83,86,90,254,84.66666666666667,84.66666666666667,Good
120,Rakesh,71,72,73,78,216,72.0,72.0,Good
